;#;N;PLAYER;A;BORN;BIRTHPLACE;HT;WT;S;Saison;Poste
2;;;Christophe Chappa (D);55;1969;;176;70;-0;1990-1991;DEFENSEMEN
4;;;Étienne Aubert (F);66;1958;;183;76;-0;1990-1991;FORWARDS
5;;;Dominique Blondin (F);57;1967;;173;75;-0;1990-1991;FORWARDS
9;;;Christophe Chappa (D);55;1969;;176;70;-0;1991-1992;DEFENSEMEN
10;;;François Gleize (D/F);53;1970;Romorantin, FRA;183;72;L;1991-1992;DEFENSEMEN
11;;;Laurent Menanteau (D);53;1970;;182;84;-0;1991-1992;DEFENSEMEN
13;;;Étienne Aubert (F);66;1958;;183;76;-0;1991-1992;FORWARDS
14;;;Dominique Blondin (F);57;1967;;173;75;-0;1991-1992;FORWARDS
18;;;Christophe Chappa (D);55;1969;;176;70;-0;1992-1993;DEFENSEMEN
20;;;Étienne Aubert (F);66;1958;;183;76;-0;1992-1993;FORWARDS
21;;;Dominique Blondin (F);57;1967;;173;75;-0;1992-1993;FORWARDS
25;;;Christian Abeillé (D);55;1969;;175;70;-0;1993-1994;DEFENSEMEN
26;;;Laurent Menanteau (D);53;1970;;182;84;-0;1993-1994;DEFENSEMEN
28;;;Étienne Aubert (F);66;1958;;183;76;-0;1993-1994;FORWARDS
29;;;Dominique Blondin (F);57;1967;;173;75;-0;1993-1994;FORWARDS
30;;;Grégory Rochut (F);50;1973;;170;66;-0;1993-1994;FORWARDS
34;;;Christian Abeillé (D);55;1969;;175;70;-0;1994-1995;DEFENSEMEN
36;;;Dominique Blondin (F);57;1967;;173;75;-0;1994-1995;FORWARDS
37;;;Grégory Gibeaux (F);49;1974;;172;75;-0;1994-1995;FORWARDS
38;;;Guilhem Pechmeja (F);48;1975;Villefranche-sur-Saône, FRA;179;74;-0;1994-1995;FORWARDS
42;;;Christian Abeillé (D);55;1969;;175;70;-0;1995-1996;DEFENSEMEN
43;;;Christophe Chappa (D);55;1969;;176;70;-0;1995-1996;DEFENSEMEN
45;;;Étienne Aubert (F);66;1958;;183;76;-0;1995-1996;FORWARDS
46;;;Dominique Blondin (F);57;1967;;173;75;-0;1995-1996;FORWARDS
47;;;Jérôme Bonello (F);47;1976;;185;80;-0;1995-1996;FORWARDS
48;;;Martin Bovo (F);45;1978;;188;88;-0;1995-1996;FORWARDS
49;;;Guilhem Pechmeja (F);48;1975;Villefranche-sur-Saône, FRA;179;74;-0;1995-1996;FORWARDS
53;;;Rodolphe Voyneau (G);51;1972;;176;75;-0;1996-1997;FORWARDS
55;;;Christophe Chappa (D);55;1969;;176;70;-0;1996-1997;DEFENSEMEN
56;;;Samuel Lesecq (D);48;1976;;175;70;-0;1996-1997;DEFENSEMEN
58;;;Emmanuel Arroyos (F);-0;;;-0;-0;-0;1996-1997;FORWARDS
59;;;Dominique Blondin (F);57;1967;;173;75;-0;1996-1997;FORWARDS
60;;;Jérôme Bonello (F);47;1976;;185;80;-0;1996-1997;FORWARDS
61;;;Martin Bovo (F);45;1978;;188;88;-0;1996-1997;FORWARDS
62;;;Dominique Ducharme (F);51;1973;Joliette, QC, CAN;180;86;L;1996-1997;FORWARDS
63;;;Olivier Escuder (F);46;1977;;185;80;-0;1996-1997;FORWARDS
64;;;Guilhem Pechmeja (F);48;1975;Villefranche-sur-Saône, FRA;179;74;-0;1996-1997;FORWARDS
65;;;Guillaume Solves (F);45;1979;;180;67;-0;1996-1997;FORWARDS
69;;;Christophe Leveque (G);51;1973;Megève, FRA;175;80;-0;1997-1998;FORWARDS
70;;;Rodolphe Voyneau (G);51;1972;;176;75;-0;1997-1998;FORWARDS
72;;;Christophe Chappa (D);55;1969;;176;70;-0;1997-1998;DEFENSEMEN
73;;;Jean-François Corront (D);52;1971;;178;70;-0;1997-1998;DEFENSEMEN
74;;;Samuel Lesecq (D);48;1976;;175;70;-0;1997-1998;DEFENSEMEN
75;;;Jean-François Tuaillon (D);51;1973;;188;90;-0;1997-1998;DEFENSEMEN
77;;;Dominique Blondin (F);57;1967;;173;75;-0;1997-1998;FORWARDS
78;;;Baptiste Bobillier (F);49;1975;Pontoise, FRA;174;75;-0;1997-1998;FORWARDS
79;;;Jérôme Bonello (F);47;1976;;185;80;-0;1997-1998;FORWARDS
80;;;Martin Bovo (F);45;1978;;188;88;-0;1997-1998;FORWARDS
81;;;Benoit Brisset (F);53;1971;;183;74;-0;1997-1998;FORWARDS
82;;;Olivier Escuder (F);46;1977;;185;80;-0;1997-1998;FORWARDS
83;;;Guilhem Pechmeja (F);48;1975;Villefranche-sur-Saône, FRA;179;74;-0;1997-1998;FORWARDS
84;;;Laurent Perroton (F);50;1973;Lyon, FRA;170;75;R;1997-1998;FORWARDS
85;;;Andrzej Swistak (F);61;1963;Nowy Targ, POL;173;75;-0;1997-1998;FORWARDS
89;;;Christophe Leveque (G);51;1973;Megève, FRA;175;80;-0;1998-1999;FORWARDS
90;;;Rodolphe Voyneau (G);51;1972;;176;75;-0;1998-1999;FORWARDS
92;;;Grzegorz Chlipala (D);44;1980;;183;92;R;1998-1999;DEFENSEMEN
93;;;Jean-François Corront (D);52;1971;;178;70;-0;1998-1999;DEFENSEMEN
94;;;Tony Delage (D);46;1978;Saint-Pierre-et-Miquelon, FRA;175;75;L;1998-1999;DEFENSEMEN
95;;;Stéphane Labrucherie (D);55;1969;Bayonne, FRA;180;81;-0;1998-1999;DEFENSEMEN
96;;;Samuel Lesecq (D);48;1976;;175;70;-0;1998-1999;DEFENSEMEN
97;;;Christophe Meunier (D);47;1977;;-0;-0;-0;1998-1999;DEFENSEMEN
98;;;Delphin Mutte (D);49;1974;Croix, FRA;179;78;-0;1998-1999;DEFENSEMEN
100;;;Dominique Blondin (F);57;1967;;173;75;-0;1998-1999;FORWARDS
101;;;Baptiste Bobillier (F);49;1975;Pontoise, FRA;174;75;-0;1998-1999;FORWARDS
102;;;Jérôme Bonello (F);47;1976;;185;80;-0;1998-1999;FORWARDS
103;;;Martin Bovo (F);45;1978;;188;88;-0;1998-1999;FORWARDS
104;;;Eric Daramy (F);51;1973;Bayonne, FRA;175;75;-0;1998-1999;FORWARDS
105;;;Olivier Escuder (F);46;1977;;185;80;-0;1998-1999;FORWARDS
106;;;Grégory Gibeaux (F);49;1974;;172;75;-0;1998-1999;FORWARDS
107;;;Yannick Goicoechea (F);59;1965;;180;78;-0;1998-1999;FORWARDS
108;;;Benjamin Puig (F);45;1978;Annecy, FRA;172;73;R;1998-1999;FORWARDS
109;;;Andrzej Swistak (F);61;1963;Nowy Targ, POL;173;75;-0;1998-1999;FORWARDS
113;;;Christophe Leveque (G);51;1973;Megève, FRA;175;80;-0;1999-2000;FORWARDS
114;;;Rodolphe Voyneau (G);51;1972;;176;75;-0;1999-2000;FORWARDS
116;;;Antoine Barthe (D);43;1981;;187;82;-0;1999-2000;DEFENSEMEN
117;;;Tony Delage (D);46;1978;Saint-Pierre-et-Miquelon, FRA;175;75;L;1999-2000;DEFENSEMEN
118;;;François Goudet (D);47;1976;;175;77;-0;1999-2000;DEFENSEMEN
119;;;Stéphane Labrucherie (D);55;1969;Bayonne, FRA;180;81;-0;1999-2000;DEFENSEMEN
120;;;Samuel Lesecq (D);48;1976;;175;70;-0;1999-2000;DEFENSEMEN
122;;;Dominique Blondin (F);57;1967;;173;75;-0;1999-2000;FORWARDS
123;;;Baptiste Bobillier (F);49;1975;Pontoise, FRA;174;75;-0;1999-2000;FORWARDS
124;;;Jérôme Bonello (F);47;1976;;185;80;-0;1999-2000;FORWARDS
125;;;Martin Bovo (F);45;1978;;188;88;-0;1999-2000;FORWARDS
126;;;Eric Daramy (F);51;1973;Bayonne, FRA;175;75;-0;1999-2000;FORWARDS
127;;;Olivier Escuder (F);46;1977;;185;80;-0;1999-2000;FORWARDS
128;;;Frédéric Leveque (F);46;1978;Saint-Pierre-et-Miquelon, FRA;182;78;-0;1999-2000;FORWARDS
129;;;Julien Mauget (F);43;1981;;179;66;-0;1999-2000;FORWARDS
130;;;Benjamin Puig (F);45;1978;Annecy, FRA;172;73;R;1999-2000;FORWARDS
131;;;Andrzej Swistak (F);61;1963;Nowy Targ, POL;173;75;-0;1999-2000;FORWARDS
135;;;Petri Ylönen (G);61;1962;Helsinki, FIN;190;91;L;2000-2001;FORWARDS
137;;;Antoine Barthe (D);43;1981;;187;82;-0;2000-2001;DEFENSEMEN
138;;;François Goudet (D);47;1976;;175;77;-0;2000-2001;DEFENSEMEN
139;;;Samuel Lesecq (D);48;1976;;175;70;-0;2000-2001;DEFENSEMEN
140;;;Delphin Mutte (D);49;1974;Croix, FRA;179;78;-0;2000-2001;DEFENSEMEN
142;;;Dominique Blondin (F);57;1967;;173;75;-0;2000-2001;FORWARDS
143;;;Jérôme Bonello (F);47;1976;;185;80;-0;2000-2001;FORWARDS
144;;;Martin Bovo (F);45;1978;;188;88;-0;2000-2001;FORWARDS
145;;;Eric Daramy (F);51;1973;Bayonne, FRA;175;75;-0;2000-2001;FORWARDS
146;;;Olivier Escuder (F);46;1977;;185;80;-0;2000-2001;FORWARDS
147;;;Benoit Gaulier (F);47;1977;;180;75;-0;2000-2001;FORWARDS
148;;;Grégory Gibeaux (F);49;1974;;172;75;-0;2000-2001;FORWARDS
149;;;Frédéric Leveque (F);46;1978;Saint-Pierre-et-Miquelon, FRA;182;78;-0;2000-2001;FORWARDS
150;;;Julien Mauget (F);43;1981;;179;66;-0;2000-2001;FORWARDS
151;;;Benjamin Puig (F);45;1978;Annecy, FRA;172;73;R;2000-2001;FORWARDS
152;;;Guillaume Solves (F);45;1979;;180;67;-0;2000-2001;FORWARDS
156;;;Raphaël Alonso (G);42;1981;;176;60;-0;2001-2002;FORWARDS
157;;;Sébastien Picat (G);48;1976;;178;62;-0;2001-2002;FORWARDS
158;;;Petri Ylönen (G);61;1962;Helsinki, FIN;190;91;L;2001-2002;FORWARDS
160;;;Brice Bombal (D);47;1977;Bordeaux, FRA;171;77;-0;2001-2002;DEFENSEMEN
161;;;François Goudet (D);47;1976;;175;77;-0;2001-2002;DEFENSEMEN
162;;;Samuel Lesecq (D);48;1976;;175;70;-0;2001-2002;DEFENSEMEN
163;;;Delphin Mutte (D);49;1974;Croix, FRA;179;78;-0;2001-2002;DEFENSEMEN
165;;;Dominique Blondin (F);57;1967;;173;75;-0;2001-2002;FORWARDS
166;;;Jérôme Bonello (F);47;1976;;185;80;-0;2001-2002;FORWARDS
167;;;Martin Bovo (F);45;1978;;188;88;-0;2001-2002;FORWARDS
168;;;Benoit Gaulier (F);47;1977;;180;75;-0;2001-2002;FORWARDS
169;;;Grégory Gibeaux (F);49;1974;;172;75;-0;2001-2002;FORWARDS
170;;;Julien Mauget (F);43;1981;;179;66;-0;2001-2002;FORWARDS
171;;;Guilhem Pechmeja (F);48;1975;Villefranche-sur-Saône, FRA;179;74;-0;2001-2002;FORWARDS
172;;;Benjamin Puig (F);45;1978;Annecy, FRA;172;73;R;2001-2002;FORWARDS
173;;;Guillaume Solves (F);45;1979;;180;67;-0;2001-2002;FORWARDS
177;;;Raphaël Alonso (G);42;1981;;176;60;-0;2002-2003;FORWARDS
178;;;Raphaël Vincent (G);42;1981;Toulouse, FRA;172;70;L;2002-2003;FORWARDS
180;;;Brice Bombal (D);47;1977;Bordeaux, FRA;171;77;-0;2002-2003;DEFENSEMEN
181;;;Yoann Crettenand (D);44;1979;Bonneville, FRA;180;80;L;2002-2003;DEFENSEMEN
182;;;François Goudet (D);47;1976;;175;77;-0;2002-2003;DEFENSEMEN
183;;;Samuel Lesecq (D);48;1976;;175;70;-0;2002-2003;DEFENSEMEN
184;;;Antoine Lombard (D);40;1983;;-0;-0;-0;2002-2003;DEFENSEMEN
185;;;Delphin Mutte (D);49;1974;Croix, FRA;179;78;-0;2002-2003;DEFENSEMEN
187;;;Dominique Blondin (F);57;1967;;173;75;-0;2002-2003;FORWARDS
188;;;Baptiste Bobillier (F);49;1975;Pontoise, FRA;174;75;-0;2002-2003;FORWARDS
189;;;Jérôme Bonello (F);47;1976;;185;80;-0;2002-2003;FORWARDS
190;;;Grégory Gibeaux (F);49;1974;;172;75;-0;2002-2003;FORWARDS
191;;;Julien Mauget (F);43;1981;;179;66;-0;2002-2003;FORWARDS
192;;;Guilhem Pechmeja (F);48;1975;Villefranche-sur-Saône, FRA;179;74;-0;2002-2003;FORWARDS
193;;;Guillaume Solves (F);45;1979;;180;67;-0;2002-2003;FORWARDS
197;;;Sébastien Picat (G);48;1976;;178;62;-0;2003-2004;FORWARDS
198;;;Raphaël Vincent (G);42;1981;Toulouse, FRA;172;70;L;2003-2004;FORWARDS
200;;;"Yoann Crettenand (D)""A""";44;1979;Bonneville, FRA;180;80;L;2003-2004;DEFENSEMEN
201;;;Damien Gadiot (D);38;1985;Toulouse, FRA;180;78;L;2003-2004;DEFENSEMEN
202;;;Antoine Lombard (D);40;1983;;-0;-0;-0;2003-2004;DEFENSEMEN
203;;;Delphin Mutte (D);49;1974;Croix, FRA;179;78;-0;2003-2004;DEFENSEMEN
204;;;Terry Prunier (D);40;1984;Rouen, FRA;186;88;L;2003-2004;DEFENSEMEN
206;;;Baptiste Bobillier (F);49;1975;Pontoise, FRA;174;75;-0;2003-2004;FORWARDS
207;;;Jean-Luc Brouard (F);45;1979;;176;70;-0;2003-2004;FORWARDS
208;;;Alexis Codevelle (F);37;1986;Lyon, FRA;180;65;L;2003-2004;FORWARDS
209;;;"Grégory Gibeaux (F)""C""";49;1974;;172;75;-0;2003-2004;FORWARDS
210;;;"Julien Mauget (F)""A""";43;1981;;179;66;-0;2003-2004;FORWARDS
211;;;Guilhem Pechmeja (F);48;1975;Villefranche-sur-Saône, FRA;179;74;-0;2003-2004;FORWARDS
212;;;Benjamin Puig (F);45;1978;Annecy, FRA;172;73;R;2003-2004;FORWARDS
213;;;Sébastien Savajol (F);42;1982;Toulon, FRA;172;70;L;2003-2004;FORWARDS
214;;;Guillaume Solves (F);45;1979;;180;67;-0;2003-2004;FORWARDS
215;;;Thibaut Villemejane (F);39;1985;;183;75;L;2003-2004;FORWARDS
219;;;Thomas Picavet (G);39;1985;Toulouse, FRA;177;69;L;2004-2005;FORWARDS
220;;;Raphaël Vincent (G);42;1981;Toulouse, FRA;172;70;L;2004-2005;FORWARDS
222;;;Gérald Arce (D);37;1986;;172;72;-0;2004-2005;DEFENSEMEN
223;;;"Yoann Crettenand (D)""A""";44;1979;Bonneville, FRA;180;80;L;2004-2005;DEFENSEMEN
224;;;Damien Gadiot (D);38;1985;Toulouse, FRA;180;78;L;2004-2005;DEFENSEMEN
225;;;François Goudet (D);47;1976;;175;77;-0;2004-2005;DEFENSEMEN
226;;;"Antoine Lombard (D)""A""";40;1983;;-0;-0;-0;2004-2005;DEFENSEMEN
227;;;"Terry Prunier (D)""C""";40;1984;Rouen, FRA;186;88;L;2004-2005;DEFENSEMEN
229;;;Pierre Audevard (F);38;1986;;187;70;-0;2004-2005;FORWARDS
230;;;Dominique Blondin (F);57;1967;;173;75;-0;2004-2005;FORWARDS
231;;;Baptiste Bobillier (F);49;1975;Pontoise, FRA;174;75;-0;2004-2005;FORWARDS
232;;;Alexis Codevelle (F);37;1986;Lyon, FRA;180;65;L;2004-2005;FORWARDS
233;;;Emmanuel Delpet (F);47;1977;;175;71;-0;2004-2005;FORWARDS
234;;;Grégory Gibeaux (F);49;1974;;172;75;-0;2004-2005;FORWARDS
235;;;Benjamin Puig (F);45;1978;Annecy, FRA;172;73;R;2004-2005;FORWARDS
236;;;Guillaume Solves (F);45;1979;;180;67;-0;2004-2005;FORWARDS
237;;;Thibaut Villemejane (F);39;1985;;183;75;L;2004-2005;FORWARDS
241;;;Thomas Picavet (G);39;1985;Toulouse, FRA;177;69;L;2005-2006;FORWARDS
242;;;Raphaël Vincent (G);42;1981;Toulouse, FRA;172;70;L;2005-2006;FORWARDS
244;;;Gérald Arce (D);37;1986;;172;72;-0;2005-2006;DEFENSEMEN
245;;;Damien Gadiot (D);38;1985;Toulouse, FRA;180;78;L;2005-2006;DEFENSEMEN
246;;;Benoît Pourtanel (D);50;1974;Ris-Orangis, FRA;180;86;L;2005-2006;DEFENSEMEN
247;;;Terry Prunier (D);40;1984;Rouen, FRA;186;88;L;2005-2006;DEFENSEMEN
249;;;Pierre Audevard (F);38;1986;;187;70;-0;2005-2006;FORWARDS
250;;;"Lionel Barin (F)""A""";56;1968;;172;82;-0;2005-2006;FORWARDS
251;;;Dominique Blondin (F);57;1967;;173;75;-0;2005-2006;FORWARDS
252;;;Baptiste Bobillier (F);49;1975;Pontoise, FRA;174;75;-0;2005-2006;FORWARDS
253;;;Alexis Codevelle (F);37;1986;Lyon, FRA;180;65;L;2005-2006;FORWARDS
254;;;"Emmanuel Delpet (F)""A""";47;1977;;175;71;-0;2005-2006;FORWARDS
255;;;"Olivier Escuder (F)""C""";46;1977;;185;80;-0;2005-2006;FORWARDS
256;;;Grégory Gibeaux (F);49;1974;;172;75;-0;2005-2006;FORWARDS
257;;;Julien Mauget (F);43;1981;;179;66;-0;2005-2006;FORWARDS
258;;;Eric Medeiros (C);47;1977;Milton, ON, CAN;170;85;L;2005-2006;FORWARDS
259;;;Guilhem Pechmeja (F);48;1975;Villefranche-sur-Saône, FRA;179;74;-0;2005-2006;FORWARDS
260;;;Guillaume Solves (F);45;1979;;180;67;-0;2005-2006;FORWARDS
264;;;Thomas Picavet (G);39;1985;Toulouse, FRA;177;69;L;2006-2007;FORWARDS
265;;;Raphaël Vincent (G);42;1981;Toulouse, FRA;172;70;L;2006-2007;FORWARDS
267;;;Gérald Arce (D);37;1986;;172;72;-0;2006-2007;DEFENSEMEN
268;;;Nicolas Blum (D);39;1984;;165;65;R;2006-2007;DEFENSEMEN
269;;;Damien Gadiot (D);38;1985;Toulouse, FRA;180;78;L;2006-2007;DEFENSEMEN
270;;;Benoît Pourtanel (D);50;1974;Ris-Orangis, FRA;180;86;L;2006-2007;DEFENSEMEN
271;;;"Terry Prunier (D)""A""";40;1984;Rouen, FRA;186;88;L;2006-2007;DEFENSEMEN
273;;;Pierre Audevard (F);38;1986;;187;70;-0;2006-2007;FORWARDS
274;;;Lionel Barin (F);56;1968;;172;82;-0;2006-2007;FORWARDS
275;;;Dominique Blondin (F);57;1967;;173;75;-0;2006-2007;FORWARDS
276;;;Alexis Codevelle (F);37;1986;Lyon, FRA;180;65;L;2006-2007;FORWARDS
277;;;"Emmanuel Delpet (F)""A""";47;1977;;175;71;-0;2006-2007;FORWARDS
278;;;"Olivier Escuder (F)""C""";46;1977;;185;80;-0;2006-2007;FORWARDS
279;;;Christophe Ribanelli (C);46;1977;Le Plessis-Bouchard, FRA;172;68;L;2006-2007;FORWARDS
280;;;David Ribanelli (F);54;1970;Ermont, FRA;175;75;R;2006-2007;FORWARDS
281;;;Guillaume Solves (F);45;1979;;180;67;-0;2006-2007;FORWARDS
282;;;Thibaut Villemejane (F);39;1985;;183;75;L;2006-2007;FORWARDS
286;;;Thomas Picavet (G);39;1985;Toulouse, FRA;177;69;L;2007-2008;FORWARDS
287;;;Raphaël Vincent (G);42;1981;Toulouse, FRA;172;70;L;2007-2008;FORWARDS
289;;;Nicolas Blum (D);39;1984;;165;65;R;2007-2008;DEFENSEMEN
290;;;Benoît Pourtanel (D);50;1974;Ris-Orangis, FRA;180;86;L;2007-2008;DEFENSEMEN
291;;;"Terry Prunier (D)""A""";40;1984;Rouen, FRA;186;88;L;2007-2008;DEFENSEMEN
292;;;Harold Ten Braak (D);39;1984;Dammarie-les-Lys, FRA;187;80;L;2007-2008;DEFENSEMEN
294;;;Pierre Audevard (F);38;1986;;187;70;-0;2007-2008;FORWARDS
295;;;Maxime Badets (F);38;1985;Mont-de-Marsan, FRA;180;92;L;2007-2008;FORWARDS
296;;;Lionel Barin (F);56;1968;;172;82;-0;2007-2008;FORWARDS
297;;;Kévin Benchabane (F);35;1988;Epinal, FRA;180;76;L;2007-2008;FORWARDS
298;;;"Dominique Blondin (F)""A""";57;1967;;173;75;-0;2007-2008;FORWARDS
299;;;Alexis Codevelle (F);37;1986;Lyon, FRA;180;65;L;2007-2008;FORWARDS
300;;;"Emmanuel Delpet (F)""C""";47;1977;;175;71;-0;2007-2008;FORWARDS
301;;;Jeremy Pradel (F);34;1990;Toulouse, FRA;177;80;R;2007-2008;FORWARDS
302;;;Christophe Ribanelli (C);46;1977;Le Plessis-Bouchard, FRA;172;68;L;2007-2008;FORWARDS
303;;;Martin Serra (F);38;1986;Epinal, FRA;175;80;-0;2007-2008;FORWARDS
304;;;Anthony Wagret (F);38;1985;Valenciennes, FRA;185;90;L;2007-2008;FORWARDS
308;;;Xavier Chatelin (G);37;1986;Les Ulis, FRA;175;83;L;2008-2009;FORWARDS
309;;;Thomas Labonne (G);34;1990;;-0;-0;L;2008-2009;FORWARDS
310;;;Thomas Picavet (G);39;1985;Toulouse, FRA;177;69;L;2008-2009;FORWARDS
312;;;Nicolas Blum (D);39;1984;;165;65;R;2008-2009;DEFENSEMEN
313;;;Cyril Charenton (D);34;1990;;176;86;-0;2008-2009;DEFENSEMEN
314;;;Kévin Codevelle (D);35;1989;;-0;-0;R;2008-2009;DEFENSEMEN
315;;;Damien Gadiot (D);38;1985;Toulouse, FRA;180;78;L;2008-2009;DEFENSEMEN
316;;;Antoine Lombard (D);40;1983;;-0;-0;-0;2008-2009;DEFENSEMEN
317;;;Benoît Pourtanel (D);50;1974;Ris-Orangis, FRA;180;86;L;2008-2009;DEFENSEMEN
318;;;"Terry Prunier (D)""A""";40;1984;Rouen, FRA;186;88;L;2008-2009;DEFENSEMEN
319;;;Harold Ten Braak (D);39;1984;Dammarie-les-Lys, FRA;187;80;L;2008-2009;DEFENSEMEN
321;;;Lionel Barin (F);56;1968;;172;82;-0;2008-2009;FORWARDS
322;;;Kévin Benchabane (F);35;1988;Epinal, FRA;180;76;L;2008-2009;FORWARDS
323;;;"Alexis Codevelle (F)""A""";37;1986;Lyon, FRA;180;65;L;2008-2009;FORWARDS
324;;;"Emmanuel Delpet (F)""C""";47;1977;;175;71;-0;2008-2009;FORWARDS
325;;;Tommy Flinck (F);53;1971;Pori, FIN;192;95;L;2008-2009;FORWARDS
326;;;Jeremy Pradel (F);34;1990;Toulouse, FRA;177;80;R;2008-2009;FORWARDS
327;;;Christophe Ribanelli (C);46;1977;Le Plessis-Bouchard, FRA;172;68;L;2008-2009;FORWARDS
328;;;Martin Serra (F);38;1986;Epinal, FRA;175;80;-0;2008-2009;FORWARDS
329;;;Bryan Ten Braak (LW);34;1990;Dammarie-les-Lys, FRA;188;77;L;2008-2009;FORWARDS
330;;;Anthony Wagret (F);38;1985;Valenciennes, FRA;185;90;L;2008-2009;FORWARDS
334;;;Thomas Labonne (G);34;1990;;-0;-0;L;2009-2010;FORWARDS
335;;;Pierre Mauffrey (G);35;1988;Belfort, FRA;182;81;R;2009-2010;FORWARDS
336;;;Thomas Picavet (G);39;1985;Toulouse, FRA;177;69;L;2009-2010;FORWARDS
338;;;Cyril Charenton (D);34;1990;;176;86;-0;2009-2010;DEFENSEMEN
339;;;Kévin Codevelle (D);35;1989;;-0;-0;R;2009-2010;DEFENSEMEN
340;;;Damien Gadiot (D);38;1985;Toulouse, FRA;180;78;L;2009-2010;DEFENSEMEN
341;;;Antoine Lombard (D);40;1983;;-0;-0;-0;2009-2010;DEFENSEMEN
342;;;Benoît Pourtanel (D);50;1974;Ris-Orangis, FRA;180;86;L;2009-2010;DEFENSEMEN
343;;;"Terry Prunier (D)""A""";40;1984;Rouen, FRA;186;88;L;2009-2010;DEFENSEMEN
344;;;Harold Ten Braak (D);39;1984;Dammarie-les-Lys, FRA;187;80;L;2009-2010;DEFENSEMEN
346;;;Lionel Barin (F);56;1968;;172;82;-0;2009-2010;FORWARDS
347;;;"Alexis Codevelle (F)""A""";37;1986;Lyon, FRA;180;65;L;2009-2010;FORWARDS
348;;;Emmanuel Delpet (F);47;1977;;175;71;-0;2009-2010;FORWARDS
349;;;Rémi Doroginsky (LW);32;1991;;180;73;R;2009-2010;FORWARDS
350;;;Maxime Faup (C);32;1992;Toulouse, FRA;178;72;L;2009-2010;FORWARDS
351;;;Tommy Flinck (F);53;1971;Pori, FIN;192;95;L;2009-2010;FORWARDS
352;;;Jeremy Pradel (F);34;1990;Toulouse, FRA;177;80;R;2009-2010;FORWARDS
353;;;Christophe Ribanelli (C);46;1977;Le Plessis-Bouchard, FRA;172;68;L;2009-2010;FORWARDS
354;;;"Maurice Rozenthal (C)""C""";49;1975;Dunkerque, FRA;177;79;R;2009-2010;FORWARDS
355;;;Guillaume Solves (F);45;1979;;180;67;-0;2009-2010;FORWARDS
356;;;Anthony Wagret (F);38;1985;Valenciennes, FRA;185;90;L;2009-2010;FORWARDS
360;#31;;Chris Mannix (G);38;1986;Hubbardston, MA, USA;175;86;L;2010-2011;FORWARDS
361;#35;;Pierre Mauffrey (G);35;1988;Belfort, FRA;182;81;R;2010-2011;FORWARDS
362;#1;;Thomas Picavet (G);39;1985;Toulouse, FRA;177;69;L;2010-2011;FORWARDS
364;#4;;Damien Gadiot (D);38;1985;Toulouse, FRA;180;78;L;2010-2011;DEFENSEMEN
365;#21;;Kirk Golden (D/F);39;1984;Vail, CO, USA;178;79;L;2010-2011;DEFENSEMEN
366;#33;;Maxime Michaud (D);36;1987;Thonon-les-Bains, FRA;187;88;L;2010-2011;DEFENSEMEN
367;#18;;"Rémi Peronnard (C/D)""A""";38;1985;Grenoble, FRA;190;92;L;2010-2011;DEFENSEMEN
368;#12;;Benoît Pourtanel (D);50;1974;Ris-Orangis, FRA;180;86;L;2010-2011;DEFENSEMEN
369;#44;;Terry Prunier (D);40;1984;Rouen, FRA;186;88;L;2010-2011;DEFENSEMEN
370;#77;;Harold Ten Braak (D);39;1984;Dammarie-les-Lys, FRA;187;80;L;2010-2011;DEFENSEMEN
372;#17;;Alexis Codevelle (F);37;1986;Lyon, FRA;180;65;L;2010-2011;FORWARDS
373;#22;;Rémi Doroginsky (LW);32;1991;;180;73;R;2010-2011;FORWARDS
374;#92;;Maxime Faup (C);32;1992;Toulouse, FRA;178;72;L;2010-2011;FORWARDS
375;#55;;"Tommy Flinck (F)""A""";53;1971;Pori, FIN;192;95;L;2010-2011;FORWARDS
376;#13;;Augustin Gillardin (F);38;1985;Bastia, FRA;188;88;L;2010-2011;FORWARDS
377;#23;;François Hernández (F);37;1986;Chartres, FRA;180;70;L;2010-2011;FORWARDS
378;#16;;David Norström (F);37;1987;Växjö, SWE;181;86;L;2010-2011;FORWARDS
379;#76;;Antoine Pelisse (F);40;1983;Valence, FRA;186;77;R;2010-2011;FORWARDS
380;#3;;Jeremy Pradel (F);34;1990;Toulouse, FRA;177;80;R;2010-2011;FORWARDS
381;#19;;Christophe Ribanelli (C);46;1977;Le Plessis-Bouchard, FRA;172;68;L;2010-2011;FORWARDS
382;#9;;"Maurice Rozenthal (C)""C""";49;1975;Dunkerque, FRA;177;79;R;2010-2011;FORWARDS
383;#14;;Sébastien Savajol (F);42;1982;Toulon, FRA;172;70;L;2010-2011;FORWARDS
384;#10;;Anthony Wagret (F);38;1985;Valenciennes, FRA;185;90;L;2010-2011;FORWARDS
388;#72;;Niklas Lehti (G);34;1990;Reading, GBR;186;87;L;2011-2012;FORWARDS
389;#30;;Thibault Saez (G);36;1988;Cholet, FRA;188;85;L;2011-2012;FORWARDS
391;#16;;Taneli Ahlfors (D);35;1988;Noormarkku, FIN;189;92;L;2011-2012;DEFENSEMEN
392;;;Antoine Barthe (D);43;1981;;187;82;-0;2011-2012;DEFENSEMEN
393;#26;;Karl Dewolf (D);52;1972;Lille, FRA;180;77;L;2011-2012;DEFENSEMEN
394;#81;;Robin Drogue (D);33;1991;Saint-Martin-d'Hères, FRA;193;100;L;2011-2012;DEFENSEMEN
395;#4;;"Damien Gadiot (D)""A""";38;1985;Toulouse, FRA;180;78;L;2011-2012;DEFENSEMEN
396;#32;;David Gaydon (D);36;1987;Sallanches, FRA;175;74;L;2011-2012;DEFENSEMEN
397;#21;;Kirk Golden (D/F);39;1984;Vail, CO, USA;178;79;L;2011-2012;DEFENSEMEN
398;#74;;Maxime Michaud (D);36;1987;Thonon-les-Bains, FRA;187;88;L;2011-2012;DEFENSEMEN
399;#18;;"Rémi Peronnard (C/D)""A""";38;1985;Grenoble, FRA;190;92;L;2011-2012;DEFENSEMEN
400;#12;;Benoît Pourtanel (D);50;1974;Ris-Orangis, FRA;180;86;L;2011-2012;DEFENSEMEN
401;#44;;Terry Prunier (D);40;1984;Rouen, FRA;186;88;L;2011-2012;DEFENSEMEN
402;#77;;Harold Ten Braak (D);39;1984;Dammarie-les-Lys, FRA;187;80;L;2011-2012;DEFENSEMEN
404;#17;;Alexis Codevelle (F);37;1986;Lyon, FRA;180;65;L;2011-2012;FORWARDS
405;#22;;Rémi Doroginsky (LW);32;1991;;180;73;R;2011-2012;FORWARDS
406;#92;;Maxime Faup (C);32;1992;Toulouse, FRA;178;72;L;2011-2012;FORWARDS
407;#13;;Augustin Gillardin (F);38;1985;Bastia, FRA;188;88;L;2011-2012;FORWARDS
408;#71;;Jimi Palanto (C/LW);34;1990;Tampere, FIN;178;70;L;2011-2012;FORWARDS
409;#76;;"Antoine Pelisse (F)""C""";40;1983;Valence, FRA;186;77;R;2011-2012;FORWARDS
410;#3;;Jeremy Pradel (F);34;1990;Toulouse, FRA;177;80;R;2011-2012;FORWARDS
411;#19;;Christophe Ribanelli (C);46;1977;Le Plessis-Bouchard, FRA;172;68;L;2011-2012;FORWARDS
412;#14;;Sébastien Savajol (F);42;1982;Toulon, FRA;172;70;L;2011-2012;FORWARDS
413;#10;;Anthony Wagret (F);38;1985;Valenciennes, FRA;185;90;L;2011-2012;FORWARDS
417;#1;;Sami Koskela (G);34;1989;Pirkkala, FIN;185;78;L;2012-2013;FORWARDS
418;#30;;Thomas Labonne (G);34;1990;;-0;-0;L;2012-2013;FORWARDS
419;#31;;Pierre Mauffrey (G);35;1988;Belfort, FRA;182;81;R;2012-2013;FORWARDS
421;#10;;Valtteri Autio (D);32;1992;Vaasa, FIN;172;78;L;2012-2013;DEFENSEMEN
422;#6;;Kévin Codevelle (D);35;1989;;-0;-0;R;2012-2013;DEFENSEMEN
423;#26;;Irwin Curtet (D);32;1991;Grenoble, FRA;177;77;L;2012-2013;DEFENSEMEN
424;#4;;Damien Gadiot (D);38;1985;Toulouse, FRA;180;78;L;2012-2013;DEFENSEMEN
425;#32;;David Gaydon (D);36;1987;Sallanches, FRA;175;74;L;2012-2013;DEFENSEMEN
426;#20;;Akseli Mattila (D);35;1988;Ylivieska, FIN;182;91;L;2012-2013;DEFENSEMEN
427;#74;;"Maxime Michaud (D)""A""";36;1987;Thonon-les-Bains, FRA;187;88;L;2012-2013;DEFENSEMEN
428;#18;;"Rémi Peronnard (C/D)""A""";38;1985;Grenoble, FRA;190;92;L;2012-2013;DEFENSEMEN
429;#12;;Benoît Pourtanel (D);50;1974;Ris-Orangis, FRA;180;86;L;2012-2013;DEFENSEMEN
430;#44;;Terry Prunier (D);40;1984;Rouen, FRA;186;88;L;2012-2013;DEFENSEMEN
431;#77;;Harold Ten Braak (D);39;1984;Dammarie-les-Lys, FRA;187;80;L;2012-2013;DEFENSEMEN
433;#11;;Clément Blaser (F);31;1993;Perpignan, FRA;182;81;L;2012-2013;FORWARDS
434;#17;;Alexis Codevelle (F);37;1986;Lyon, FRA;180;65;L;2012-2013;FORWARDS
435;#8;;Rémi Doroginsky (LW);32;1991;;180;73;R;2012-2013;FORWARDS
436;#92;;Maxime Faup (C);32;1992;Toulouse, FRA;178;72;L;2012-2013;FORWARDS
437;#55;;Tommy Flinck (F);53;1971;Pori, FIN;192;95;L;2012-2013;FORWARDS
438;#79;;"Karl Fournier (C)""A""";41;1983;Pointe-Claire, QC, CAN;176;82;L;2012-2013;FORWARDS
439;#7;;Olivier Gamache (F);37;1987;Pierrefonds, QC, CAN;190;86;R;2012-2013;FORWARDS
440;#13;;Augustin Gillardin (F);38;1985;Bastia, FRA;188;88;L;2012-2013;FORWARDS
441;#71;;Jimi Palanto (C/LW);34;1990;Tampere, FIN;178;70;L;2012-2013;FORWARDS
442;#3;;Jeremy Pradel (F);34;1990;Toulouse, FRA;177;80;R;2012-2013;FORWARDS
443;#19;;Christophe Ribanelli (C);46;1977;Le Plessis-Bouchard, FRA;172;68;L;2012-2013;FORWARDS
444;#14;;"Sébastien Savajol (F)""C""";42;1982;Toulon, FRA;172;70;L;2012-2013;FORWARDS
445;#15;;Bryan Ten Braak (LW);34;1990;Dammarie-les-Lys, FRA;188;77;L;2012-2013;FORWARDS
449;#1;;Paul Gigomas (G);28;1995;;-0;-0;L;2013-2014;FORWARDS
450;;;Thomas Labonne (G);34;1990;;-0;-0;L;2013-2014;FORWARDS
451;#72;;Niklas Lehti (G);34;1990;Reading, GBR;186;87;L;2013-2014;FORWARDS
453;#6;;Kévin Codevelle (D);35;1989;;-0;-0;R;2013-2014;DEFENSEMEN
454;#18;;"Jussi Korvakangas (D)""A""";32;1991;Hämeenlinna, FIN;179;73;L;2013-2014;DEFENSEMEN
455;#10;;Aleksi Laine (D);32;1992;Helsinki, FIN;183;83;L;2013-2014;DEFENSEMEN
456;#5;;Jani Laine (D);34;1989;Toijala, FIN;180;86;L;2013-2014;DEFENSEMEN
457;#8;;Théo Michel (D);29;1994;;-0;-0;-0;2013-2014;DEFENSEMEN
458;#15;;Sébastien Pommier (D);31;1993;Dunkerque, FRA;188;85;L;2013-2014;DEFENSEMEN
459;#2;;"Veli-Matti Talonen (D)""A""";35;1989;Ikaalinen, FIN;180;80;L;2013-2014;DEFENSEMEN
460;#20;;Henri Tissari (D);33;1991;Kuopio, FIN;184;75;R;2013-2014;DEFENSEMEN
462;#11;;Clément Blaser (F);31;1993;Perpignan, FRA;182;81;L;2013-2014;FORWARDS
463;#17;;Alexis Codevelle (F);37;1986;Lyon, FRA;180;65;L;2013-2014;FORWARDS
464;#92;;"Maxime Faup (C)""A""";32;1992;Toulouse, FRA;178;72;L;2013-2014;FORWARDS
465;#9;;Fabrice Faure (RW);32;1992;Corbeil-Essonnes, FRA;172;78;R;2013-2014;FORWARDS
466;#16;;Santeri Halme (F);33;1991;Pori, FIN;172;78;L;2013-2014;FORWARDS
467;#51;;Jaakko Kerisalmi (C);35;1988;Nokia, FIN;195;98;L;2013-2014;FORWARDS
468;#13;;Marvin Krukoff (LW);31;1993;Toulouse, FRA;187;88;R;2013-2014;FORWARDS
469;#7;;Kévin Marias-Magill (F);35;1989;Evreux, FRA;175;77;L;2013-2014;FORWARDS
470;#19;;Manuel Plamondon-Ratté (F);-0;;;-0;-0;-0;2013-2014;FORWARDS
471;#4;;Thomas Ronne (F);34;1990;Paris, FRA;180;80;L;2013-2014;FORWARDS
472;#14;;"Sébastien Savajol (F)""C""";42;1982;Toulon, FRA;172;70;L;2013-2014;FORWARDS
473;#21;;Jussi Viitanen (LW);31;1992;Tikkakoski, FIN;188;94;R;2013-2014;FORWARDS
474;#3;;Matthieu Vrecourt (LW);31;1993;;178;77;-0;2013-2014;FORWARDS
478;#38;;Steven Catelin (G);32;1992;Saint-Martin-d'Hères, FRA;178;78;L;2014-2015;FORWARDS
479;#1;;Paul Gigomas (G);28;1995;;-0;-0;L;2014-2015;FORWARDS
480;#35;;Niklas Kekki (G);31;1993;Pori, FIN;179;78;L;2014-2015;FORWARDS
482;#24;;"Juho Autio (D)""A""";37;1986;Vaasa, FIN;179;85;L;2014-2015;DEFENSEMEN
483;;;Kévin Codevelle (D);35;1989;;-0;-0;R;2014-2015;DEFENSEMEN
484;#18;;Jussi Korvakangas (D);32;1991;Hämeenlinna, FIN;179;73;L;2014-2015;DEFENSEMEN
485;#10;;Aleksi Laine (D);32;1992;Helsinki, FIN;183;83;L;2014-2015;DEFENSEMEN
486;;;Jani Laine (D);34;1989;Toijala, FIN;180;86;L;2014-2015;DEFENSEMEN
487;#5;;Robin Leppänen (D);31;1992;Pori, FIN;183;88;L;2014-2015;DEFENSEMEN
488;#21;;Yann Pflieger (D);31;1992;Belfort, FRA;187;90;L;2014-2015;DEFENSEMEN
489;#15;;Sébastien Pommier (D);31;1993;Dunkerque, FRA;188;85;L;2014-2015;DEFENSEMEN
490;#18;;Andrejs Smirnovs (D);32;1992;Riga, LAT;180;80;R;2014-2015;DEFENSEMEN
492;#19;;Daniel Bell (F);35;1988;Victoria, BC, CAN;180;81;-0;2014-2015;FORWARDS
493;#11;;Clément Blaser (F);31;1993;Perpignan, FRA;182;81;L;2014-2015;FORWARDS
494;#17;;Alexis Codevelle (F);37;1986;Lyon, FRA;180;65;L;2014-2015;FORWARDS
495;#8;;Rémi Doroginsky (LW);32;1991;;180;73;R;2014-2015;FORWARDS
496;#92;;Maxime Faup (C);32;1992;Toulouse, FRA;178;72;L;2014-2015;FORWARDS
497;#9;;Fabrice Faure (RW);32;1992;Corbeil-Essonnes, FRA;172;78;R;2014-2015;FORWARDS
498;#16;;Santeri Halme (F);33;1991;Pori, FIN;172;78;L;2014-2015;FORWARDS
499;#13;;Marvin Krukoff (LW);31;1993;Toulouse, FRA;187;88;R;2014-2015;FORWARDS
500;#20;;Cyril Lambert (F);35;1989;Bruges, FRA;179;78;R;2014-2015;FORWARDS
501;#48;;Antoine Leblanc (LW);31;1992;Saint-Bruno, QC, CAN;175;70;R;2014-2015;FORWARDS
502;#7;;"Kévin Marias-Magill (F)""A""";35;1989;Evreux, FRA;175;77;L;2014-2015;FORWARDS
503;#26;;Thybaud Rouillard (LW);33;1991;Briançon, FRA;172;75;R;2014-2015;FORWARDS
504;#6;;Paulus Rundgren (F/D);32;1992;Kolari, FIN;183;83;L;2014-2015;FORWARDS
505;#14;;"Sébastien Savajol (F)""C""";42;1982;Toulon, FRA;172;70;L;2014-2015;FORWARDS
509;#72;;Vincent Combes (G);27;1997;;-0;-0;-0;2016-2017;FORWARDS
510;#1;;Paul Gigomas (G);28;1995;;-0;-0;L;2016-2017;FORWARDS
511;#33;;Filip Kubis (G);40;1983;Pisek, CZE;175;79;L;2016-2017;FORWARDS
513;#20;;Thibault Buils (D/C);30;1994;Bordeaux, FRA;183;73;L;2016-2017;DEFENSEMEN
514;#4;;Thomas Eischen (D/F);34;1989;Annecy, FRA;185;93;L;2016-2017;DEFENSEMEN
515;#21;;Léo Martin (D);27;1997;Cahors, FRA;193;81;R;2016-2017;DEFENSEMEN
516;#26;;Micke Niemelä (D);35;1989;Espoo, FIN;178;84;R;2016-2017;DEFENSEMEN
517;#5;;Sébastien Pommier (D);31;1993;Dunkerque, FRA;188;85;L;2016-2017;DEFENSEMEN
518;#2;;Damien Sanchez (D);29;1994;Anglet, FRA;176;90;L;2016-2017;DEFENSEMEN
519;#19;;Toomas Veijola (D);32;1992;Forssa, FIN;187;95;L;2016-2017;DEFENSEMEN
521;#6;;Flaury Bermond (F);29;1995;Gap, FRA;173;74;L;2016-2017;FORWARDS
522;#72;;Clément Blaser (F);31;1993;Perpignan, FRA;182;81;L;2016-2017;FORWARDS
523;#7;;Pierre-Luc Champagne (C);35;1988;Chateauguay, QC, CAN;179;93;R;2016-2017;FORWARDS
524;#17;;Alexis Codevelle (F);37;1986;Lyon, FRA;180;65;L;2016-2017;FORWARDS
525;#8;;Rémi Doroginsky (LW);32;1991;;180;73;R;2016-2017;FORWARDS
526;#92;;"Maxime Faup (C)""A""";32;1992;Toulouse, FRA;178;72;L;2016-2017;FORWARDS
527;#9;;Fabrice Faure (RW);32;1992;Corbeil-Essonnes, FRA;172;78;R;2016-2017;FORWARDS
528;#13;;Marvin Krukoff (LW);31;1993;Toulouse, FRA;187;88;R;2016-2017;FORWARDS
529;#96;;Celian Lebourdonnec (F);28;1996;;-0;-0;L;2016-2017;FORWARDS
530;#27;;"Eddy Martin-Whalen (RW)""C""";36;1988;LaSalle, QC, CAN;175;84;L;2016-2017;FORWARDS
531;#18;;"Rémi Repetto (F)""A""";31;1993;Annecy, FRA;173;71;R;2016-2017;FORWARDS
532;#22;;Johan Saint-André (LW);30;1994;Villiers-le-Bel, FRA;174;72;R;2016-2017;FORWARDS
533;#79;;Thomas Saint-André (RW);33;1991;Villiers-le-Bel, FRA;176;69;L;2016-2017;FORWARDS
534;#9;;Lucas Thibault (F);29;1994;Kongoussi, BFA;-0;-0;L;2016-2017;FORWARDS
538;#72;;Vincent Combes (G);27;1997;;-0;-0;-0;2017-2018;FORWARDS
539;#72;;Romain Frédric (G);27;1997;Saint-Leu, FRA;194;85;-0;2017-2018;FORWARDS
540;#33;;Filip Kubis (G);40;1983;Pisek, CZE;175;79;L;2017-2018;FORWARDS
542;#22;;Félix Boucher (D);28;1995;Mercier, QC, CAN;190;90;L;2017-2018;DEFENSEMEN
543;#10;;Thibault Buils (D/C);30;1994;Bordeaux, FRA;183;73;L;2017-2018;DEFENSEMEN
544;#2;;Eero Kotilainen (D);28;1996;Lahti, FIN;182;82;L;2017-2018;DEFENSEMEN
545;#3;;Radim Kuzel (D);28;1995;Cheb, CZE;187;88;L;2017-2018;DEFENSEMEN
546;#21;;Léo Martin (D);27;1997;Cahors, FRA;193;81;R;2017-2018;DEFENSEMEN
547;#5;;"Sébastien Pommier (D)""C""";31;1993;Dunkerque, FRA;188;85;L;2017-2018;DEFENSEMEN
548;#96;;Aki Vainio (D);27;1996;Kotka, FIN;175;85;R;2017-2018;DEFENSEMEN
549;;;Enzo Witwicki (D);29;1995;Saint-Cloud, FRA;182;82;L;2017-2018;DEFENSEMEN
551;#6;;Flaury Bermond (F);29;1995;Gap, FRA;173;74;L;2017-2018;FORWARDS
552;#11;;Clément Blaser (F);31;1993;Perpignan, FRA;182;81;L;2017-2018;FORWARDS
553;#7;;Pierre-Luc Champagne (C);35;1988;Chateauguay, QC, CAN;179;93;R;2017-2018;FORWARDS
554;#8;;Rémi Doroginsky (LW);32;1991;;180;73;R;2017-2018;FORWARDS
555;#92;;Maxime Faup (C);32;1992;Toulouse, FRA;178;72;L;2017-2018;FORWARDS
556;#9;;Fabrice Faure (RW);32;1992;Corbeil-Essonnes, FRA;172;78;R;2017-2018;FORWARDS
557;;;Alexandre Guitard (F);25;1998;;-0;-0;-0;2017-2018;FORWARDS
558;#13;;Marvin Krukoff (LW);31;1993;Toulouse, FRA;187;88;R;2017-2018;FORWARDS
559;#96;;Celian Lebourdonnec (F);28;1996;;-0;-0;L;2017-2018;FORWARDS
560;#27;;"Eddy Martin-Whalen (RW)""A""";36;1988;LaSalle, QC, CAN;175;84;L;2017-2018;FORWARDS
561;#18;;Rémi Repetto (F);31;1993;Annecy, FRA;173;71;R;2017-2018;FORWARDS
562;#79;;Tomas Rubes (LW);28;1996;Karlovy Vary, CZE;180;87;L;2017-2018;FORWARDS
563;#47;;Johan Saint-André (LW);30;1994;Villiers-le-Bel, FRA;174;72;R;2017-2018;FORWARDS
564;#19;;Baptiste Ylönen (F);30;1994;Rouen, FRA;187;81;L;2017-2018;FORWARDS
568;#72;;Romain Frédric (G);27;1997;Saint-Leu, FRA;194;85;-0;2018-2019;FORWARDS
569;#33;;Filip Kubis (G);40;1983;Pisek, CZE;175;79;L;2018-2019;FORWARDS
571;#20;;Thibault Buils (D/C);30;1994;Bordeaux, FRA;183;73;L;2018-2019;DEFENSEMEN
572;#9;;Kylian Codevelle (D);23;2001;Toulouse, FRA;186;100;L;2018-2019;DEFENSEMEN
573;#21;;Alexeï Courtheoux (D);23;2001;;-0;-0;-0;2018-2019;DEFENSEMEN
574;#22;;Dan Kelly (D);29;1995;Arlington, MA, USA;185;88;-0;2018-2019;DEFENSEMEN
575;#3;;Radim Kuzel (D);28;1995;Cheb, CZE;187;88;L;2018-2019;DEFENSEMEN
576;#5;;Sébastien Pommier (D);31;1993;Dunkerque, FRA;188;85;L;2018-2019;DEFENSEMEN
577;#32;;Michaël Prégent (D);36;1988;Salaberry-de-Valleyfield, QC, CAN;183;85;L;2018-2019;DEFENSEMEN
578;#7;;Hermanni Salomaa (D);29;1995;Tornio, FIN;187;87;L;2018-2019;DEFENSEMEN
579;;;Enzo Witwicki (D);29;1995;Saint-Cloud, FRA;182;82;L;2018-2019;DEFENSEMEN
581;#47;;Valentin Audisio (F);22;2001;Toulouse, FRA;170;71;R;2018-2019;FORWARDS
582;#6;;"Flaury Bermond (F)""C""";29;1995;Gap, FRA;173;74;L;2018-2019;FORWARDS
583;#11;;Clément Blaser (F);31;1993;Perpignan, FRA;182;81;L;2018-2019;FORWARDS
584;#21;;Romain Condomitti (F);35;1989;Cahors, Fra;-0;-0;-0;2018-2019;FORWARDS
585;#91;;Dany Coulombe (C);27;1997;Ste-Agathe-des-Monts, QC, CAN;179;75;L;2018-2019;FORWARDS
586;#18;;Quentin Coureaud (F);26;1997;Montpellier, FRA;-0;-0;L;2018-2019;FORWARDS
587;#8;;Rémi Doroginsky (LW);32;1991;;180;73;R;2018-2019;FORWARDS
588;#19;;Riho Embrich (F);31;1993;Tallinn, EST;184;85;L;2018-2019;FORWARDS
589;#92;;Maxime Faup (C);32;1992;Toulouse, FRA;178;72;L;2018-2019;FORWARDS
590;#9;;Fabrice Faure (RW);32;1992;Corbeil-Essonnes, FRA;172;78;R;2018-2019;FORWARDS
591;#96;;Alexandre Guitard (F);25;1998;;-0;-0;-0;2018-2019;FORWARDS
592;#79;;Miroslav Krivochtchekov (RW);28;1995;Moskva, RUS;176;80;L;2018-2019;FORWARDS
593;#13;;"Marvin Krukoff (LW)""A""";31;1993;Toulouse, FRA;187;88;R;2018-2019;FORWARDS
594;#76;;Tomas Marcinek (W/C);34;1989;Zvolen, SVK;186;88;L;2018-2019;FORWARDS
595;#27;;"Eddy Martin-Whalen (RW)""A""";36;1988;LaSalle, QC, CAN;175;84;L;2018-2019;FORWARDS
599;#72;;Romain Frédric (G);27;1997;Saint-Leu, FRA;194;85;-0;2019-2020;FORWARDS
600;#33;;Filip Kubis (G);40;1983;Pisek, CZE;175;79;L;2019-2020;FORWARDS
602;#53;;Beni Berisha (D/F);32;1992;Toronto, ON, CAN;178;81;R;2019-2020;DEFENSEMEN
603;#60;;Loïc Beyt (D);44;1980;;-0;-0;-0;2019-2020;DEFENSEMEN
604;#20;;Thibault Buils (D/C);30;1994;Bordeaux, FRA;183;73;L;2019-2020;DEFENSEMEN
605;;;William Croteau (D);24;2000;Chandler, QC, CAN;173;66;R;2019-2020;DEFENSEMEN
606;#3;;Radim Kuzel (D);28;1995;Cheb, CZE;187;88;L;2019-2020;DEFENSEMEN
607;#25;;Elmeri Laamanen (D);29;1994;Mikkeli, FIN;190;93;L;2019-2020;DEFENSEMEN
608;#7;;"Julien Lepage (D)""A""";30;1994;Baie-Comeau, QC, CAN;180;78;L;2019-2020;DEFENSEMEN
609;;;Loïc Mairal (D);21;2002;Toulouse, FRA;183;73;L;2019-2020;DEFENSEMEN
610;#53;;Marek Novák (D);30;1994;Praha, CZE;181;91;L;2019-2020;DEFENSEMEN
611;#5;;"Sébastien Pommier (D)""A""";31;1993;Dunkerque, FRA;188;85;L;2019-2020;DEFENSEMEN
612;#78;;Alexandre Raby (D/F);26;1998;Briançon, FRA;179;75;L;2019-2020;DEFENSEMEN
613;#70;;Enzo Witwicki (D);29;1995;Saint-Cloud, FRA;182;82;L;2019-2020;DEFENSEMEN
615;#6;;"Flaury Bermond (F)""C""";29;1995;Gap, FRA;173;74;L;2019-2020;FORWARDS
616;#11;;Clément Blaser (F);31;1993;Perpignan, FRA;182;81;L;2019-2020;FORWARDS
617;#4;;Jules Bouisse (F);21;2002;Toulouse, FRA;180;78;L;2019-2020;FORWARDS
618;#13;;Timothée Champin-Flachaire (F);23;2001;Toulouse, FRA;182;76;L;2019-2020;FORWARDS
619;#21;;Dany Coulombe (C);27;1997;Ste-Agathe-des-Monts, QC, CAN;179;75;L;2019-2020;FORWARDS
620;#89;;Vincent Domenech (F);24;2000;Toulouse, FRA;177;75;L;2019-2020;FORWARDS
621;#92;;Maxime Faup (C);32;1992;Toulouse, FRA;178;72;L;2019-2020;FORWARDS
622;#79;;Miroslav Krivochtchekov (RW);28;1995;Moskva, RUS;176;80;L;2019-2020;FORWARDS
623;#18;;Axel Laffin (F);26;1997;Annecy, FRA;183;87;L;2019-2020;FORWARDS
624;#21;;Jacob Lapierre (LW);25;1998;Chateauguay, QC, CAN;188;102;L;2019-2020;FORWARDS
625;#27;;Eddy Martin-Whalen (RW);36;1988;LaSalle, QC, CAN;175;84;L;2019-2020;FORWARDS
626;#24;;Julien Romand (RW);25;1999;Sallanches, FRA;190;83;L;2019-2020;FORWARDS
627;#2;;Pablo Sudor (F);23;2001;Toulouse, FRA;180;80;L;2019-2020;FORWARDS
631;;;Romain Dandel (G);23;2000;Décines-Charpieu, FRA;180;72;L;2020-2021;FORWARDS
632;;;Romain Frédric (G);27;1997;Saint-Leu, FRA;194;85;-0;2020-2021;FORWARDS
633;;;Filip Kubis (G);40;1983;Pisek, CZE;175;79;L;2020-2021;FORWARDS
635;;;Clément Bonnaudet (D);24;2000;Sallanches, FRA;174;75;L;2020-2021;DEFENSEMEN
636;;;Thibault Buils (D/C);30;1994;Bordeaux, FRA;183;73;L;2020-2021;DEFENSEMEN
637;;;Kylian Codevelle (D);23;2001;Toulouse, FRA;186;100;L;2020-2021;DEFENSEMEN
638;;;Martins Kevlis (D);24;2000;Dobele, LAT;190;87;R;2020-2021;DEFENSEMEN
639;;;Radim Kuzel (D);28;1995;Cheb, CZE;187;88;L;2020-2021;DEFENSEMEN
640;;;Julien Lepage (D);30;1994;Baie-Comeau, QC, CAN;180;78;L;2020-2021;DEFENSEMEN
641;;;Loïc Mairal (D);21;2002;Toulouse, FRA;183;73;L;2020-2021;DEFENSEMEN
642;;;"Sébastien Pommier (D)""A""";31;1993;Dunkerque, FRA;188;85;L;2020-2021;DEFENSEMEN
644;;;"Flaury Bermond (F)""C""";29;1995;Gap, FRA;173;74;L;2020-2021;FORWARDS
645;;;Clément Blaser (F);31;1993;Perpignan, FRA;182;81;L;2020-2021;FORWARDS
646;;;Ugo Boccassini (RW);24;2000;Marseille, FRA;168;73;R;2020-2021;FORWARDS
647;;;Jules Bouisse (F);21;2002;Toulouse, FRA;180;78;L;2020-2021;FORWARDS
648;;;Noah Camus (F);22;2002;Verviers, BEL;175;65;R;2020-2021;FORWARDS
649;;;Jaime Capillas (C);23;2001;Jaca, ESP;193;100;L;2020-2021;FORWARDS
650;;;Timothée Champin-Flachaire (F);23;2001;Toulouse, FRA;182;76;L;2020-2021;FORWARDS
651;;;Nicolas Chauveau (F);33;1991;Clichy, FRA;178;80;L;2020-2021;FORWARDS
652;;;Vincent Domenech (F);24;2000;Toulouse, FRA;177;75;L;2020-2021;FORWARDS
653;;;Axel Laffin (F);26;1997;Annecy, FRA;183;87;L;2020-2021;FORWARDS
654;;;Eddy Martin-Whalen (RW);36;1988;LaSalle, QC, CAN;175;84;L;2020-2021;FORWARDS
655;;;Pablo Sudor (F);23;2001;Toulouse, FRA;180;80;L;2020-2021;FORWARDS
659;;;Romain Dandel (G);23;2000;Décines-Charpieu, FRA;180;72;L;2021-2022;FORWARDS
660;#72;;Romain Frédric (G);27;1997;Saint-Leu, FRA;194;85;-0;2021-2022;FORWARDS
661;#39;;William Lavallière (G);25;1999;Montréal, QC, CAN;185;93;L;2021-2022;FORWARDS
663;#25;;Clément Bonnaudet (D);24;2000;Sallanches, FRA;174;75;L;2021-2022;DEFENSEMEN
664;#10;;Thibault Buils (D/C);30;1994;Bordeaux, FRA;183;73;L;2021-2022;DEFENSEMEN
665;#60;;Kylian Codevelle (D);23;2001;Toulouse, FRA;186;100;L;2021-2022;DEFENSEMEN
666;#8;;Martins Kevlis (D);24;2000;Dobele, LAT;190;87;R;2021-2022;DEFENSEMEN
667;#37;;Loïc Mairal (D);21;2002;Toulouse, FRA;183;73;L;2021-2022;DEFENSEMEN
668;#24;;Kevin Maso (D);29;1995;Sallanches, FRA;180;80;L;2021-2022;DEFENSEMEN
669;#81;;Pierre Pampanay (D/F);26;1998;Sallanches, FRA;174;77;L;2021-2022;DEFENSEMEN
670;#5;;"Sébastien Pommier (D)""A""";31;1993;Dunkerque, FRA;188;85;L;2021-2022;DEFENSEMEN
672;;;Valentin Audisio (F);22;2001;Toulouse, FRA;170;71;R;2021-2022;FORWARDS
673;#68;;"Flaury Bermond (F)""C""";29;1995;Gap, FRA;173;74;L;2021-2022;FORWARDS
674;#11;;Clément Blaser (F);31;1993;Perpignan, FRA;182;81;L;2021-2022;FORWARDS
675;#70;;Ugo Boccassini (RW);24;2000;Marseille, FRA;168;73;R;2021-2022;FORWARDS
676;#26;;Timothée Champin-Flachaire (F);23;2001;Toulouse, FRA;182;76;L;2021-2022;FORWARDS
677;#30;;"Nicolas Chauveau (F)""A""";33;1991;Clichy, FRA;178;80;L;2021-2022;FORWARDS
678;#92;;Dany Coulombe (C);27;1997;Ste-Agathe-des-Monts, QC, CAN;179;75;L;2021-2022;FORWARDS
679;#21;;Vincent Domenech (F);24;2000;Toulouse, FRA;177;75;L;2021-2022;FORWARDS
680;#15;;Sébastien Gauthier (C/RW);37;1986;Montréal, QC, CAN;182;90;R;2021-2022;FORWARDS
681;#61;;Miroslav Krivochtchekov (RW);28;1995;Moskva, RUS;176;80;L;2021-2022;FORWARDS
682;#27;;Eddy Martin-Whalen (RW);36;1988;LaSalle, QC, CAN;175;84;L;2021-2022;FORWARDS
683;;;Jonathan Martinez (F);19;2004;Toulouse, FRA;170;60;L;2021-2022;FORWARDS
684;#50;;Camille Mutte (F);20;2003;Toulouse, FRA;174;73;L;2021-2022;FORWARDS
685;#17;;Yanick Riendeau (RW/C);39;1984;Montréal, QC, CAN;176;80;R;2021-2022;FORWARDS
686;#3;;Pablo Sudor (F);23;2001;Toulouse, FRA;180;80;L;2021-2022;FORWARDS
690;#35;;Xavier Bolduc (G);24;2000;St-Éphrem, QC, CAN;183;86;L;2022-2023;FORWARDS
691;#87;;Julien Fortes-Da Cruz (G);37;1987;Toulouse, FRA;187;100;L;2022-2023;FORWARDS
693;#25;;Clément Bonnaudet (D);24;2000;Sallanches, FRA;174;75;L;2022-2023;DEFENSEMEN
694;#37;;Loïc Mairal (D);21;2002;Toulouse, FRA;183;73;L;2022-2023;DEFENSEMEN
695;#81;;Pierre Pampanay (D/F);26;1998;Sallanches, FRA;174;77;L;2022-2023;DEFENSEMEN
696;#5;;"Sébastien Pommier (D)""A""";31;1993;Dunkerque, FRA;188;85;L;2022-2023;DEFENSEMEN
697;#10;;Gaëtan Portier (D/F);34;1990;Eaubonne, FRA;187;87;R;2022-2023;DEFENSEMEN
698;#17;;Connor Vermeulen (D);28;1996;Saskatoon, SK, CAN;193;98;R;2022-2023;DEFENSEMEN
700;#71;;Valentin Audisio (F);22;2001;Toulouse, FRA;170;71;R;2022-2023;FORWARDS
701;#55;;Joakim Bergeron (LW);23;2001;Roxton Pond, QC, CAN;175;72;L;2022-2023;FORWARDS
702;#95;;"Flaury Bermond (F)""C""";29;1995;Gap, FRA;173;74;L;2022-2023;FORWARDS
703;#11;;Clément Blaser (F);31;1993;Perpignan, FRA;182;81;L;2022-2023;FORWARDS
704;#70;;Ugo Boccassini (RW);24;2000;Marseille, FRA;168;73;R;2022-2023;FORWARDS
705;#20;;Damien Bourguignon (C);31;1992;Athis-Mons, FRA;176;78;L;2022-2023;FORWARDS
706;;;Alexandre Capet (C);37;1986;Colombes, FRA;178;71;L;2022-2023;FORWARDS
707;#26;;Timothée Champin-Flachaire (F);23;2001;Toulouse, FRA;182;76;L;2022-2023;FORWARDS
708;#30;;"Nicolas Chauveau (F)""A""";33;1991;Clichy, FRA;178;80;L;2022-2023;FORWARDS
709;#8;;Arthur Chauvet (F);22;2002;La Roche-sur-Yon, FRA;175;77;L;2022-2023;FORWARDS
710;#34;;Alex MacDonald (C);27;1997;Windsor Junction, NS, CAN;175;76;R;2022-2023;FORWARDS
711;#27;;Eddy Martin-Whalen (RW);36;1988;LaSalle, QC, CAN;175;84;L;2022-2023;FORWARDS
712;;;Jonathan Martinez (F);19;2004;Toulouse, FRA;170;60;L;2022-2023;FORWARDS
713;#59;;Camille Mutte (F);20;2003;Toulouse, FRA;174;73;L;2022-2023;FORWARDS
714;#24;;Alexander Stephenson (C/LW);33;1990;Montréal, QC, CAN;178;82;L;2022-2023;FORWARDS
715;#3;;Pablo Sudor (F);23;2001;Toulouse, FRA;180;80;L;2022-2023;FORWARDS
719;#35;;Xavier Bolduc (G);24;2000;St-Éphrem, QC, CAN;183;86;L;2023-2024;FORWARDS
720;#87;;Julien Fortes-Da Cruz (G);37;1987;Toulouse, FRA;187;100;L;2023-2024;FORWARDS
721;#32;;Aubin Narbonne (G);20;2003;Limoges, FRA;184;75;L;2023-2024;FORWARDS
723;#60;;Aristide Degardin (D);23;2000;Paris, FRA;185;70;R;2023-2024;DEFENSEMEN
724;#17;;Maxime Foulon (D);25;1999;Toulouse, FRA;188;80;L;2023-2024;DEFENSEMEN
725;#37;;Loïc Mairal (D);21;2002;Toulouse, FRA;183;73;L;2023-2024;DEFENSEMEN
726;#24;;Ryan O'Connell (D);25;1999;Gloucester, ON, CAN;185;84;L;2023-2024;DEFENSEMEN
727;#81;;Pierre Pampanay (D/F);26;1998;Sallanches, FRA;174;77;L;2023-2024;DEFENSEMEN
728;#5;;"Sébastien Pommier (D)""A""";31;1993;Dunkerque, FRA;188;85;L;2023-2024;DEFENSEMEN
729;#10;;Gaëtan Portier (D/F);34;1990;Eaubonne, FRA;187;87;R;2023-2024;DEFENSEMEN
731;#71;;Valentin Audisio (F);22;2001;Toulouse, FRA;170;71;R;2023-2024;FORWARDS
732;#55;;Joakim Bergeron (LW);23;2001;Roxton Pond, QC, CAN;175;72;L;2023-2024;FORWARDS
733;#95;;"Flaury Bermond (F)""C""";29;1995;Gap, FRA;173;74;L;2023-2024;FORWARDS
734;#11;;Clément Blaser (F);31;1993;Perpignan, FRA;182;81;L;2023-2024;FORWARDS
735;#70;;Ugo Boccassini (RW);24;2000;Marseille, FRA;168;73;R;2023-2024;FORWARDS
736;#25;;Quentin Borg (F);21;2003;Toulouse, FRA;172;72;L;2023-2024;FORWARDS
737;#20;;Damien Bourguignon (C);31;1992;Athis-Mons, FRA;176;78;L;2023-2024;FORWARDS
738;#15;;Pierre Byé (F);21;2003;Toulouse, FRA;179;74;L;2023-2024;FORWARDS
739;#30;;"Nicolas Chauveau (F)""A""";33;1991;Clichy, FRA;178;80;L;2023-2024;FORWARDS
740;#8;;Arthur Chauvet (F);22;2002;La Roche-sur-Yon, FRA;175;77;L;2023-2024;FORWARDS
741;#13;;Marvin Krukoff (LW);31;1993;Toulouse, FRA;187;88;R;2023-2024;FORWARDS
742;#34;;Alex MacDonald (C);27;1997;Windsor Junction, NS, CAN;175;76;R;2023-2024;FORWARDS
743;#27;;Eddy Martin-Whalen (RW);36;1988;LaSalle, QC, CAN;175;84;L;2023-2024;FORWARDS
744;#59;;Camille Mutte (F);20;2003;Toulouse, FRA;174;73;L;2023-2024;FORWARDS
745;#3;;Pablo Sudor (F);23;2001;Toulouse, FRA;180;80;L;2023-2024;FORWARDS
